<?xml version="1.0" encoding="UTF-8"?>

<!DOCTYPE tiles-definitions PUBLIC "-//Apache
Software Foundation//DTD Tiles Configuration 3.0//EN"
"http://tiles.apache.org/dtds/tiles-config_3_0.dtd">
<tiles-definitions>
    <definition name="baseLayout"
                template="/WEB-INF/layout/base.jsp">
        <put-attribute name="header"
                       value="/WEB-INF/layout/header.jsp" />
        <put-attribute name="content" value="" />
        <put-attribute name="footer"
                       value="/WEB-INF/layout/footer.jsp" />
    </definition>
    <definition name="index" extends="baseLayout">
        <put-attribute name="title" value="Trang chủ" />
        <put-attribute name="content"
                       value="/WEB-INF/pages/index.jsp" />
    </definition>
    
    <definition name="tours" extends="baseLayout">
        <put-attribute name="title" value="Quản lý tour du lịch" />
        <put-attribute name="content"
                       value="/WEB-INF/pages/tours.jsp" />
    </definition>
    <definition name="login" extends="baseLayout">
        <put-attribute name="title" value="Đăng nhập" />
        <put-attribute name="content"
                       value="/WEB-INF/pages/login.jsp" />
    </definition>
     <definition name="news" extends="baseLayout">
        <put-attribute name="title" value="Tin tức" />
        <put-attribute name="content"
                       value="/WEB-INF/pages/news.jsp" />
    </definition>
    
    <definition name="addNews" extends="baseLayout">
        <put-attribute name="title" value="Thêm tin tức" />
        <put-attribute name="content"
                       value="/WEB-INF/pages/addNews.jsp" />
    </definition>
    
    <definition name="user" extends="baseLayout">
        <put-attribute name="title" value="Tài khoản" />
        <put-attribute name="content"
                       value="/WEB-INF/pages/user.jsp" />
    </definition>
    <definition name="statistic" extends="baseLayout">
        <put-attribute name="title" value="Thống kê" />
        <put-attribute name="content"
                       value="/WEB-INF/pages/statistic.jsp" />
    </definition>
    
    
    <definition name="login" template="/WEB-INF/layout/loginBase.jsp">
        <put-attribute name="title" value="Đăng nhập" />
        <put-attribute name="content" value="/WEB-INF/pages/login.jsp" />
    </definition>
</tiles-definitions>